<?xml version="1.0" encoding="utf-8"?>
<modification>
    <name>Sendpulse</name>
    <code>Sendpulse</code>
    <version>1.1.0</version>
    <author>Sendpulse</author>
    <link>https://sendpulse.com/ru</link>
	
    <!-- Adding alert dashboard -->
    <file path="admin/controller/common/dashboard.php">
        <operation>
            <search><![CDATA[
		$this->load->language('common/dashboard');
				]]></search>
            <add position="after"><![CDATA[
		$this->load->language('module/sendpulse');
		$this->load->model('module/sendpulse');
		$data['alert_senpulse'] = (($this->model_module_sendpulse->getTotalClients() <= $this->config->get('sendpulse_count'))?"":sprintf($this->language->get('text_alert_sendpulse'), $this->url->link('module/sendpulse', 'token=' . $this->session->data['token'], true)));
		]]></add>
        </operation>
    </file>

    <file path="admin/view/template/common/dashboard.tpl">
        <operation>
            <search><![CDATA[<?php if ($error_install) { ?>]]>
            </search>
            <add position="before">
                <![CDATA[
    <?php if ($alert_senpulse) { ?>
    <div class="alert alert-danger"><i class="fa fa-exclamation-circle"></i> <?php echo $alert_senpulse; ?>
      <button type="button" class="close" data-dismiss="alert">&times;</button>
    </div>
    <?php } ?>
]]>
            </add>
        </operation>
    </file>
	
    <!-- Adding new customer email -->
    <file path="admin/model/sale/customer.php">
        <operation>
            <search><![CDATA[
				$customer_id = $this->db->getLastId();
				]]></search>
            <add position="after"><![CDATA[
		$this->load->model('module/sendpulse');
		$this->model_module_sendpulse->exportNewCustomer($data);
		]]></add>
        </operation>
    </file>	
    <file path="admin/model/customer/customer.php">
        <operation>
            <search><![CDATA[
				$customer_id = $this->db->getLastId();
				]]></search>
            <add position="after"><![CDATA[
		$this->load->model('module/sendpulse');
		$this->model_module_sendpulse->exportNewCustomer($data);
		]]></add>
        </operation>
    </file>
    <file path="catalog/model/account/customer.php">
        <operation>
            <search><![CDATA[
				return $customer_id;
				]]></search>
            <add position="before"><![CDATA[
		require('admin/model/module/sendpulse.php');
		$adminSendpulseModel = new ModelModuleSendpulse( $this->registry );
		$adminSendpulseModel->exportNewCustomer($data);
		
		]]></add>
        </operation>
    </file>		
</modification>